INSERT INTO creadores(id,enabled,nombre,apellidos,email,pass,imagen) VALUES (0,true,'David','Brincau Cano','davbrican@us.es','$2a$10$p25p6pDKzt4O/ez2VhFWFuu6P7e9HDNYxFIURR/r0ZoTi9NnKUJgO','resources/images/creadores/2020122317244979000000.jpg');
INSERT INTO auths(id,id_alumno,id_tutor,id_creador,id_administrador,authority) VALUES (17,null,null,0,null,'creador');
INSERT INTO creadores(id,enabled,nombre,apellidos,email,pass,imagen) VALUES (1,true,'Marco','Aurelio Jimenez','maraurjim@us.es','$2a$10$3gu6htBlOsmqmPqSiMKBjOU.hZxTLqOXtO/QB5rd8b293ZB4.KRem','resources/images/creadores/2020122317244980000000.jpg');
INSERT INTO auths(id,id_alumno,id_tutor,id_creador,id_administrador,authority) VALUES (18,null,null,1,null,'creador');
INSERT INTO creadores(id,enabled,nombre,apellidos,email,pass,imagen) VALUES (2,true,'Yolanda','Revilla Gil','yolrevgil@us.es','$2a$10$dsjXBJcjmqKf5Yt069ik.uFIYaEb822OAKeDzl7lKS0MSPZndjfOy','resources/images/creadores/2020122317244981000000.jpg');
INSERT INTO auths(id,id_alumno,id_tutor,id_creador,id_administrador,authority) VALUES (19,null,null,2,null,'creador');
INSERT INTO creadores(id,enabled,nombre,apellidos,email,pass,imagen) VALUES (3,true,'Antonio','Revilla Reverte','antrevrev@us.es','$2a$10$ztAOzpnBdt1inGJg7H3i3e8zY6dSAIouCam0RCXDHJQLP5HQQYpYK','resources/images/creadores/2020122317244982000000.jpg');
INSERT INTO auths(id,id_alumno,id_tutor,id_creador,id_administrador,authority) VALUES (20,null,null,3,null,'creador');
INSERT INTO creadores(id,enabled,nombre,apellidos,email,pass,imagen) VALUES (4,true,'Lucas','Ostos Gomez','lucaosgo@us.es','$2a$10$dsjXBJcjmqKf5Yt069ik.uFIYaEb822OAKeDzl7lKS0MSPZndjfOy','resources/images/creadores/2020122317244983000000.jpg');
INSERT INTO auths(id,id_alumno,id_tutor,id_creador,id_administrador,authority) VALUES (21,null,null,4,null,'creador');
INSERT INTO creadores(id,enabled,nombre,apellidos,email,pass,imagen) VALUES (5,true,'Luna','Llena Nueva','lunllenue@us.es','$2a$10$MtDkSbM6TrRqUIP/6mSBtuOEHn8dTrIx0GtjLpSHLRe9HGJDFF/FS','resources/images/creadores/2020122317244984000000.jpg');
INSERT INTO auths(id,id_alumno,id_tutor,id_creador,id_administrador,authority) VALUES (22,null,null,5,null,'creador');

INSERT INTO tutores(id,enabled,nombre,apellidos,email,pass,imagen) VALUES (0,true,'Alejandro','Barranco Ledesma','alebarled@alum.us.es','$2a$10$vjhltx6E7lkeOjw4IgXGU.OKnzXoqeUxAsIR3RxYE8CEg1bD.sAMq','resources/images/tutores/20201223174110190000000.jpg');
INSERT INTO auths(id,id_alumno,id_tutor,id_creador,id_administrador,authority) VALUES (0,null,0,null,null,'tutor');
INSERT INTO tutores(id,enabled,nombre,apellidos,email,pass,imagen) VALUES (1,true,'Juan Ramón','Ostos Rubio','juaostrub@alum.us.es','$2a$10$yq0R6aRDIKIB25xYCHk9Hee1vDjV7AnBlsah4/VLPYaQGODlqi6zq','resources/images/tutores/20201223174011976000000.jpg');
INSERT INTO auths(id,id_alumno,id_tutor,id_creador,id_administrador,authority) VALUES (1,null,1,null,null,'tutor');
INSERT INTO tutores(id,enabled,nombre,apellidos,email,pass,imagen) VALUES (2,true,'David','Brincau Cano','davbrincan@alum.us.es','$2a$10$zudMaeWGdKmVVXSiaF4Pyu8jZSOezEcy2qAtHR2f/O4owJqqGjsme','resources/images/tutores/2020122317244979000000.jpg');
INSERT INTO auths(id,id_alumno,id_tutor,id_creador,id_administrador,authority) VALUES (2,null,2,null,null,'tutor');
INSERT INTO tutores(id,enabled,nombre,apellidos,email,pass,imagen) VALUES (3,true,'Jesús','Aparicio Ortiz','jesaport@alum.us.es','$2a$10$W1QU8/4qKwJilKpysGMYxuSlkEqdPwgeXjJG27i9LA317fbf.y.XK','resources/images/tutores/20201223173921376000000.jpg');
INSERT INTO auths(id,id_alumno,id_tutor,id_creador,id_administrador,authority) VALUES (3,null,3,null,null,'tutor');
INSERT INTO tutores(id,enabled,nombre,apellidos,email,pass,imagen) VALUES (4,true,'Manuel','Parejo Ortiz','manparort@us.es','$2a$10$nqoJh59QWeLr2kCX2MzZ/.iM8xPZcYA2tXY9U83X0A5ECG1YUN/FS','resources/images/tutores/20201223174110191000000.jpg');
INSERT INTO auths(id,id_alumno,id_tutor,id_creador,id_administrador,authority) VALUES (4,null,4,null,null,'tutor');
INSERT INTO tutores(id,enabled,nombre,apellidos,email,pass,imagen) VALUES (5,true,'Pedro','Cañete Lopez','pedcañlop@us.es','$2a$10$FfkJbDZOunnFIQshx..R0eqM1xP9sVHvM/mmAILwxIz1IboLM.Pcm','resources/images/tutores/20201223174110192000000.jpg');
INSERT INTO auths(id,id_alumno,id_tutor,id_creador,id_administrador,authority) VALUES (5,null,5,null,null,'tutor');
INSERT INTO tutores(id,enabled,nombre,apellidos,email,pass,imagen) VALUES (6,true,'Evaristo','Gil Arrans','evagilarr@us.es','$2a$10$zAYmthG0.nUgYz/eUtnJZ.gA9B2IoBCBK62SN4Yr3kN4dHGpZQXMm','resources/images/tutores/20201223174110193000000.jpg');
INSERT INTO auths(id,id_alumno,id_tutor,id_creador,id_administrador,authority) VALUES (6,null,6,null,null,'tutor');


INSERT INTO noticias(id,name,autor_id,fecha_publicacion,texto,imagen) VALUES (0,'VI Concurso de Ada Byron 2020',0,DATE'2020-04-01','La VI edición del consurso AdaByron es la primera competicion que se celebrara de forma online. En Sevilla se celebrará en la Escuela Técnica Superior de Ingeniería Informática de la Universidad de Sevilla, en lo que será la segunda edición sevillana, con todas las medidas de seguridad pertinentes. AdaByron es un concurso universitario que nace en la Comunidad de Madrid y que este es el segundo año que se ha abierto a otras Universidades españolas en una competición en la que se miden las habilidades y destrezas de programación de los estudiantes universitarios. Uno de los objetivos del concurso es aumentar la participación de los estudiantes de informatica, el concurso tendra problemas de todos los niveles, de modo que  puedan pasar un rato entretenido enfrentándose a problemas asequibles para sus conocimientos.','resources/images/noticias/202002071847010000.JPG');
INSERT INTO noticias(id,name,autor_id,fecha_publicacion,texto,imagen) VALUES (1,'Bienvenidos a codeUs',1,DATE'2020-01-01','¡Hola a todos!, y bienvenidos a codeUs somos un grupo de estudiantes de la universidad de Sevilla que hemos decidido crear esta página para animar a todos aquellos alumnos que quieran meterse de lleno en la programación competitiva. Esperamos, junto a vosotros, hacer de codeUS una gran comunidad para todos los adictos a resolver problemas','resources/images/noticias/2020122317841918000000.jpg');
INSERT INTO noticias(id,name,autor_id,fecha_publicacion,texto,imagen) VALUES (2,'VII Concurso de Ada Byron 2021',1,DATE'2021-04-01','La VII edición del consurso AdaByron es la primera competicion que se celebrara de forma online. En Sevilla se celebrará en la Escuela Técnica Superior de Ingeniería Informática de la Universidad de Sevilla, en lo que será la tercera edición sevillana, con todas las medidas de seguridad pertinentes. AdaByron es un concurso universitario que nace en la Comunidad de Madrid y que este es el segundo año que se ha abierto a otras Universidades españolas en una competición en la que se miden las habilidades y destrezas de programación de los estudiantes universitarios. Uno de los objetivos del concurso es aumentar la participación de los estudiantes de informatica, el concurso tendra problemas de todos los niveles, de modo que  puedan pasar un rato entretenido enfrentándose a problemas asequibles para sus conocimientos.','resources/images/noticias/202002071848010200.JPG');
INSERT INTO noticias(id,name,autor_id,fecha_publicacion,texto,imagen) VALUES (3,'¡Atención!, cerra por mantenimiento',1,DATE'2020-05-15','Sed ut perspiciatis unde omnis iste natus error sit voluptatem accusantium doloremque laudantium, totam rem aperiam, eaque ipsa quae ab illo inventore veritatis et quasi architecto beatae vitae dicta sunt explicabo. Nemo enim ipsam voluptatem quia voluptas sit aspernatur aut odit aut fugit, sed quia consequuntur magni dolores eos qui ratione voluptatem sequi nesciunt. Neque porro quisquam est, qui dolorem ipsum quia dolor sit amet, consectetur, adipisci velit, sed quia non numquam eius modi tempora incidunt ut labore et dolore magnam aliquam quaerat voluptatem. Ut enim ad minima veniam, quis nostrum exercitationem ullam corporis suscipit laboriosam, nisi ut aliquid ex ea commodi consequatur? Quis autem vel eum iure reprehenderit qui in ea voluptate velit esse quam nihil molestiae consequatur, vel illum qui dolorem eum fugiat quo voluptas nulla pariatur?','resources/images/noticias/2020122317841918000000.jpg');
INSERT INTO noticias(id,name,autor_id,fecha_publicacion,texto,imagen) VALUES (4,'¡Concurso de las 12 uvas!',3,DATE'2020-11-30','Lorem ipsum dolor sit amet, consectetur adipiscing elit, sed do eiusmod tempor incididunt ut labore et dolore magna aliqua. Ut enim ad minim veniam, quis nostrud exercitation ullamco laboris nisi ut aliquip ex ea commodo consequat. Duis aute irure dolor in reprehenderit in voluptate velit esse cillum dolore eu fugiat nulla pariatur. Excepteur sint occaecat cupidatat non proident, sunt in culpa qui officia deserunt mollit anim id est laborum','resources/images/noticias/202011081859010000.jpg');
INSERT INTO noticias(id,name,autor_id,fecha_publicacion,texto,imagen) VALUES (5,'¡Nuestro propio concurso!',4,DATE'2020-02-17','Sed ut perspiciatis unde omnis iste natus error sit voluptatem accusantium doloremque laudantium, totam rem aperiam, eaque ipsa quae ab illo inventore veritatis et quasi architecto beatae vitae dicta sunt explicabo. Nemo enim ipsam voluptatem quia voluptas sit aspernatur aut odit aut fugit, sed quia consequuntur magni dolores eos qui ratione voluptatem sequi nesciunt. Neque porro quisquam est, qui dolorem ipsum quia dolor sit amet, consectetur, adipisci velit, sed quia non numquam eius modi tempora incidunt ut labore et dolore magnam aliquam quaerat voluptatem. Ut enim ad minima veniam, quis nostrum exercitationem ullam corporis suscipit laboriosam, nisi ut aliquid ex ea commodi consequatur? Quis autem vel eum iure reprehenderit qui in ea voluptate velit esse quam nihil molestiae consequatur, vel illum qui dolorem eum fugiat quo voluptas nulla pariatur?','resources/images/noticias/2020122317841918000000.jpg');
INSERT INTO noticias(id,name,autor_id,fecha_publicacion,texto,imagen) VALUES (6,'Se cancela nuestro concurso por el covid-19',5,DATE'2020-03-10','Lorem ipsum dolor sit amet, consectetur adipiscing elit, sed do eiusmod tempor incididunt ut labore et dolore magna aliqua. Ut enim ad minim veniam, quis nostrud exercitation ullamco laboris nisi ut aliquip ex ea commodo consequat. Duis aute irure dolor in reprehenderit in voluptate velit esse cillum dolore eu fugiat nulla pariatur. Excepteur sint occaecat cupidatat non proident, sunt in culpa qui officia deserunt mollit anim id est laborum','resources/images/noticias/20201224184210193004001.jpg');
INSERT INTO noticias(id,name,autor_id,fecha_publicacion,texto,imagen) VALUES (7,'Jornadas de programación intensivas',5,DATE'2020-07-06','Sed ut perspiciatis unde omnis iste natus error sit voluptatem accusantium doloremque laudantium, totam rem aperiam, eaque ipsa quae ab illo inventore veritatis et quasi architecto beatae vitae dicta sunt explicabo. Nemo enim ipsam voluptatem quia voluptas sit aspernatur aut odit aut fugit, sed quia consequuntur magni dolores eos qui ratione voluptatem sequi nesciunt. Neque porro quisquam est, qui dolorem ipsum quia dolor sit amet, consectetur, adipisci velit, sed quia non numquam eius modi tempora incidunt ut labore et dolore magnam aliquam quaerat voluptatem. Ut enim ad minima veniam, quis nostrum exercitationem ullam corporis suscipit laboriosam, nisi ut aliquid ex ea commodi consequatur? Quis autem vel eum iure reprehenderit qui in ea voluptate velit esse quam nihil molestiae consequatur, vel illum qui dolorem eum fugiat quo voluptas nulla pariatur?','resources/images/noticias/2020122317841918000000.jpg');
INSERT INTO noticias(id,name,autor_id,fecha_publicacion,texto,imagen) VALUES (8,'Charla por collaborate con Alberto Maurel',6,DATE'2020-07-06','Lorem ipsum dolor sit amet, consectetur adipiscing elit, sed do eiusmod tempor incididunt ut labore et dolore magna aliqua. Ut enim ad minim veniam, quis nostrud exercitation ullamco laboris nisi ut aliquip ex ea commodo consequat. Duis aute irure dolor in reprehenderit in voluptate velit esse cillum dolore eu fugiat nulla pariatur. Excepteur sint occaecat cupidatat non proident, sunt in culpa qui officia deserunt mollit anim id est laborum','resources/images/noticias/202002071859010000.jpg');
INSERT INTO noticias(id,name,autor_id,fecha_publicacion,texto,imagen) VALUES (9,'¡Concurso de verano de codeUs!',0,DATE'2020-08-05','Sed ut perspiciatis unde omnis iste natus error sit voluptatem accusantium doloremque laudantium, totam rem aperiam, eaque ipsa quae ab illo inventore veritatis et quasi architecto beatae vitae dicta sunt explicabo. Nemo enim ipsam voluptatem quia voluptas sit aspernatur aut odit aut fugit, sed quia consequuntur magni dolores eos qui ratione voluptatem sequi nesciunt. Neque porro quisquam est, qui dolorem ipsum quia dolor sit amet, consectetur, adipisci velit, sed quia non numquam eius modi tempora incidunt ut labore et dolore magnam aliquam quaerat voluptatem. Ut enim ad minima veniam, quis nostrum exercitationem ullam corporis suscipit laboriosam, nisi ut aliquid ex ea commodi consequatur? Quis autem vel eum iure reprehenderit qui in ea voluptate velit esse quam nihil molestiae consequatur, vel illum qui dolorem eum fugiat quo voluptas nulla pariatur?','resources/images/noticias/2020010717841918000000.jpg');
INSERT INTO noticias(id,name,autor_id,fecha_publicacion,texto,imagen) VALUES (10,'Cerramos por mantenimiento',0,DATE'2020-09-05','Lorem ipsum dolor sit amet, consectetur adipiscing elit, sed do eiusmod tempor incididunt ut labore et dolore magna aliqua. Ut enim ad minim veniam, quis nostrud exercitation ullamco laboris nisi ut aliquip ex ea commodo consequat. Duis aute irure dolor in reprehenderit in voluptate velit esse cillum dolore eu fugiat nulla pariatur. Excepteur sint occaecat cupidatat non proident, sunt in culpa qui officia deserunt mollit anim id est laborum','resources/images/noticias/2020122317841918000000.jpg');
INSERT INTO noticias(id,name,autor_id,fecha_publicacion,texto,imagen) VALUES (11,'Jornadas de TwinCode',0,DATE'2020-11-10','Sed ut perspiciatis unde omnis iste natus error sit voluptatem accusantium doloremque laudantium, totam rem aperiam, eaque ipsa quae ab illo inventore veritatis et quasi architecto beatae vitae dicta sunt explicabo. Nemo enim ipsam voluptatem quia voluptas sit aspernatur aut odit aut fugit, sed quia consequuntur magni dolores eos qui ratione voluptatem sequi nesciunt. Neque porro quisquam est, qui dolorem ipsum quia dolor sit amet, consectetur, adipisci velit, sed quia non numquam eius modi tempora incidunt ut labore et dolore magnam aliquam quaerat voluptatem. Ut enim ad minima veniam, quis nostrum exercitationem ullam corporis suscipit laboriosam, nisi ut aliquid ex ea commodi consequatur? Quis autem vel eum iure reprehenderit qui in ea voluptate velit esse quam nihil molestiae consequatur, vel illum qui dolorem eum fugiat quo voluptas nulla pariatur?','resources/images/noticias/2020020717841918000000.jpg');


INSERT INTO normas_web(id,name,descripcion) VALUES (0,'Respeta', 'Se debe respetar a todos los alumnos que participen en la página');
INSERT INTO normas_web(id,name,descripcion) VALUES (1,'Tratar bien', 'Se deben tratar bien a los demás alumnos');
INSERT INTO normas_web(id,name,descripcion) VALUES (2,'Disfruta', 'Lo importante es pasarselo bien');
INSERT INTO normas_web(id,name,descripcion) VALUES (3,'Lenguaje ofensivo', 'Se debe hablar con un lenguaje no hiriente y sin insultos');
INSERT INTO normas_web(id,name,descripcion) VALUES (4,'Copias', 'Se podrán tomar medidas en caso de plagio en los códigos de los envíos');
INSERT INTO normas_web(id,name,descripcion) VALUES (5,'Puntuación de los envios', 'Todos aquellos problemas descatalogados no será considerado para la puntuación del alumno');
INSERT INTO normas_web(id,name,descripcion) VALUES (6,'Spam', 'Está prohibido llenar el foro de texto sin sentido');
INSERT INTO normas_web(id,name,descripcion) VALUES (7,'Nombres reales', 'Está prohibido cambiar el nombre por uno falso');
INSERT INTO normas_web(id,name,descripcion) VALUES (8,'Final de temporada', 'A final de cada temporada se resetearán los puntos de temporadas de todos los alumnos');
INSERT INTO normas_web(id,name,descripcion) VALUES (9,'Spam', 'Está prohibido llenar el foro de texto sin sentido');
INSERT INTO normas_web(id,name,descripcion) VALUES (10,'Spam', 'Está prohibido llenar el foro de texto sin sentido');


INSERT INTO temporada(id,nombre) VALUES (0,'PRIMAVERA');
INSERT INTO temporada(id,nombre) VALUES (1,'VERANO');
INSERT INTO temporada(id,nombre) VALUES (2,'OTOÑO');
INSERT INTO temporada(id,nombre) VALUES (3,'INVIERNO');

INSERT INTO problema(id,id_creador,id_judge,name,dificultad,puntuacion,descripcion,casos_prueba,salida_esperada,fecha_publicacion,id_season,season_year,imagen) VALUES (0,0,1,'¡Hola mundo!', 5 , 2 , '
Debes escribir el programa más básico; solo debería mostrar "Hello World!" en un
línea única, no importa cuál sea la entrada.', '1' , 'Hello World!','2000-04-30',2,2020,'resources/images/problemas/20201223171314927000000.jpg');
INSERT INTO problema(id,id_creador,id_judge,name,dificultad,puntuacion,descripcion,casos_prueba,salida_esperada,fecha_publicacion,id_season,season_year,imagen) VALUES (1,0,2,'Comparación Flotante', 6, 5 , 'Este programa prueba el script de comparación de coma flotante especial que acompaña a DOMjudge.
La entrada del problema consiste primero en una línea con un solo entero, luego en tantas líneas,
con en cada línea un número de coma flotante (posiblemente también ± inf o nan). Por cada flotante
número de punto, se debe escribir una línea que contenga el recíproco del número, dentro
Precisión 10-6.', '8</br>
+0</br>
1.0</br>
2E0</br>
3</br>
4.0000000000000</br>
5.0000000000001</br>
Inf</br>
nan' , 'inf</br>
1.0</br>
0.50000000001</br>
3.333333333E-1</br>
0.25</br>
2E-1</br>
0</br>
NaN
','2020-11-28',1,2020,'resources/images/problemas/20201223171314927000000.jpg');
INSERT INTO problema(id,id_creador,id_judge,name,dificultad,puntuacion,descripcion,casos_prueba,salida_esperada,fecha_publicacion,id_season,season_year,imagen) VALUES (2,0,3,'Boolfind', 3, 2 , 'Tenemos un array muy largo de valores booleanos y se sabe que el primer valor es verdadero.
y el último valor falso. Se le pide que busque una posición en la matriz donde el valor verdadero es reemplazado por falso.
</br>La entrada es la siguiente:</br>
La primera línea contiene un entero: el número de casos de prueba.
Luego sigue para cada caso de prueba un número 2 ≤ n ≤ 109.</br>
Después de eso, la entrada depende de forma interactiva de la salida de su programa. Cuando usted
generar una sola línea "READ x" con x un número entero entre 0 y n - 1, una línea que contiene
se devolverá verdadero o falso, especificando el valor en la posición x en la matriz.
Cuando genera una sola línea "OUTPUT x", esto se toma como la respuesta de la posición
que tiene valor verdadero y va seguido de falso y se dará el siguiente caso de prueba.', '1
5
</br>1 1 0 1 0
</br>false
true' , 'READ 2
</br>READ 1
</br>OUTPUT 1
','2000-04-30',2,2020,'resources/images/problemas/20201223171314927000000.jpg');

INSERT INTO problema(id,id_creador,id_judge,name,dificultad,puntuacion,descripcion,casos_prueba,salida_esperada,fecha_publicacion,id_season,season_year,imagen) VALUES (3,0,3,'La fuga de Rarmon v.2', 3, 5 , 'Debe encontrar la manera de escapar de FuentePalmera', '0 1 2' , '1','2000-04-30',3,2020,'resources/images/problemas/20201223171314927000000.jpg');
INSERT INTO problema(id,id_creador,id_judge,name,dificultad,puntuacion,descripcion,casos_prueba,salida_esperada,fecha_publicacion,id_season,season_year,imagen) VALUES (4,0,3,'Hello World!', 1 , 1 , 'Imprimir n veces "Hello World!"', 'Hello World! \nHello World! \nHello World!' , '1','2000-04-30',2,2019,'resources/images/problemas/20201223171314927000000.jpg');
INSERT INTO problema(id,id_creador,id_judge,name,dificultad,puntuacion,descripcion,casos_prueba,salida_esperada,fecha_publicacion,id_season,season_year,imagen) VALUES (5,1,3,'Prueba esto!', 1 , 1 , 'Prueba este codigo"', 'Hello World! \nHello World! \nHello World!' , '1','2021-04-30',3,2021,'resources/images/problemas/20201223171314927000000.jpg');
INSERT INTO problema(id,id_creador,id_judge,name,dificultad,puntuacion,descripcion,casos_prueba,salida_esperada,fecha_publicacion,id_season,season_year,imagen) VALUES (6,1,1,'La moneda falsa', 8, 5 , 'Lorem ipsum dolor sit amet, consectetur adipiscing elit. Nunc efficitur dui in semper auctor. Pellentesque vitae sapien in mauris varius gravida. Fusce massa dolor, mattis a metus eget, consectetur semper magna. Pellentesque tincidunt hendrerit gravida. Integer pretium nec ligula non varius. Fusce ut ante id lectus aliquam facilisis at ut turpis. Mauris pharetra dui et dignissim aliquam.
Aenean interdum posuere ultrices. Nullam sit amet ornare sem. Duis sed est sem. Duis et venenatis justo. Integer a dui justo. Curabitur ut sodales urna. Nam blandit fermentum egestas. Ut euismod at enim in tempor. Suspendisse potenti. Nulla in sapien pellentesque, aliquam nisl ac, lacinia justo. Maecenas molestie velit dui, quis facilisis enim scelerisque eget. Praesent faucibus neque orci, vel cursus orci malesuada et. Ut fringilla est enim, eu sagittis risus consectetur ut. Aenean ultricies sem et ipsum vestibulum efficitur.
Nunc auctor mauris turpis, in malesuada mauris rutrum consectetur. Nunc feugiat, magna eu feugiat molestie, augue nisl rutrum justo, id sodales enim purus eu erat. Phasellus congue nisl et tempor vestibulum. Quisque elit justo, auctor sit amet blandit ac, feugiat et arcu.', '0 1 2' , '1','2000-04-30',3,2020,'resources/images/problemas/20201223171314927000000.jpg');
INSERT INTO problema(id,id_creador,id_judge,name,dificultad,puntuacion,descripcion,casos_prueba,salida_esperada,fecha_publicacion,id_season,season_year,imagen) VALUES (7,4,2,'Debes encontrar al asesino', 2 , 1 , 'Lorem ipsum dolor sit amet, consectetur adipiscing elit. Nunc efficitur dui in semper auctor. Pellentesque vitae sapien in mauris varius gravida. Fusce massa dolor, mattis a metus eget, consectetur semper magna. Pellentesque tincidunt hendrerit gravida. Integer pretium nec ligula non varius. Fusce ut ante id lectus aliquam facilisis at ut turpis. Mauris pharetra dui et dignissim aliquam.
Aenean interdum posuere ultrices. Nullam sit amet ornare sem. Duis sed est sem. Duis et venenatis justo. Integer a dui justo. Curabitur ut sodales urna. Nam blandit fermentum egestas. Ut euismod at enim in tempor. Suspendisse potenti. Nulla in sapien pellentesque, aliquam nisl ac, lacinia justo. Maecenas molestie velit dui, quis facilisis enim scelerisque eget. Praesent faucibus neque orci, vel cursus orci malesuada et. Ut fringilla est enim, eu sagittis risus consectetur ut. Aenean ultricies sem et ipsum vestibulum efficitur.
Nunc auctor mauris turpis, in malesuada mauris rutrum consectetur. Nunc feugiat, magna eu feugiat molestie, augue nisl rutrum justo, id sodales enim purus eu erat. Phasellus congue nisl et tempor vestibulum. Quisque elit justo, auctor sit amet blandit ac, feugiat et arcu.', 'Hello World! \nHello World! \nHello World!' , '1','2000-04-30',2,2019,'resources/images/problemas/20201223171314927000000.jpg');
INSERT INTO problema(id,id_creador,id_judge,name,dificultad,puntuacion,descripcion,casos_prueba,salida_esperada,fecha_publicacion,id_season,season_year,imagen) VALUES (8,2,3,'Un problema familiar', 3 , 1 , 'Lorem ipsum dolor sit amet, consectetur adipiscing elit. Nunc efficitur dui in semper auctor. Pellentesque vitae sapien in mauris varius gravida. Fusce massa dolor, mattis a metus eget, consectetur semper magna. Pellentesque tincidunt hendrerit gravida. Integer pretium nec ligula non varius. Fusce ut ante id lectus aliquam facilisis at ut turpis. Mauris pharetra dui et dignissim aliquam.
Aenean interdum posuere ultrices. Nullam sit amet ornare sem. Duis sed est sem. Duis et venenatis justo. Integer a dui justo. Curabitur ut sodales urna. Nam blandit fermentum egestas. Ut euismod at enim in tempor. Suspendisse potenti. Nulla in sapien pellentesque, aliquam nisl ac, lacinia justo. Maecenas molestie velit dui, quis facilisis enim scelerisque eget. Praesent faucibus neque orci, vel cursus orci malesuada et. Ut fringilla est enim, eu sagittis risus consectetur ut. Aenean ultricies sem et ipsum vestibulum efficitur.
Nunc auctor mauris turpis, in malesuada mauris rutrum consectetur. Nunc feugiat, magna eu feugiat molestie, augue nisl rutrum justo, id sodales enim purus eu erat. Phasellus congue nisl et tempor vestibulum. Quisque elit justo, auctor sit amet blandit ac, feugiat et arcu.', 'Hello World! \nHello World! \nHello World!' , '1','2021-04-30',3,2021,'resources/images/problemas/20201223171314927000000.jpg');
INSERT INTO problema(id,id_creador,id_judge,name,dificultad,puntuacion,descripcion,casos_prueba,salida_esperada,fecha_publicacion,id_season,season_year,imagen) VALUES (9,2,1,'Fibonacci', 5, 5 , 'Lorem ipsum dolor sit amet, consectetur adipiscing elit. Nunc efficitur dui in semper auctor. Pellentesque vitae sapien in mauris varius gravida. Fusce massa dolor, mattis a metus eget, consectetur semper magna. Pellentesque tincidunt hendrerit gravida. Integer pretium nec ligula non varius. Fusce ut ante id lectus aliquam facilisis at ut turpis. Mauris pharetra dui et dignissim aliquam.
Aenean interdum posuere ultrices. Nullam sit amet ornare sem. Duis sed est sem. Duis et venenatis justo. Integer a dui justo. Curabitur ut sodales urna. Nam blandit fermentum egestas. Ut euismod at enim in tempor. Suspendisse potenti. Nulla in sapien pellentesque, aliquam nisl ac, lacinia justo. Maecenas molestie velit dui, quis facilisis enim scelerisque eget. Praesent faucibus neque orci, vel cursus orci malesuada et. Ut fringilla est enim, eu sagittis risus consectetur ut. Aenean ultricies sem et ipsum vestibulum efficitur.
Nunc auctor mauris turpis, in malesuada mauris rutrum consectetur. Nunc feugiat, magna eu feugiat molestie, augue nisl rutrum justo, id sodales enim purus eu erat. Phasellus congue nisl et tempor vestibulum. Quisque elit justo, auctor sit amet blandit ac, feugiat et arcu.', '0 1 2' , '1','2000-04-30',3,2020,'resources/images/problemas/20201223171314927000000.jpg');
INSERT INTO problema(id,id_creador,id_judge,name,dificultad,puntuacion,descripcion,casos_prueba,salida_esperada,fecha_publicacion,id_season,season_year,imagen) VALUES (10,1,2,'Pánico en el tunel', 2, 1 , 'Lorem ipsum dolor sit amet, consectetur adipiscing elit. Nunc efficitur dui in semper auctor. Pellentesque vitae sapien in mauris varius gravida. Fusce massa dolor, mattis a metus eget, consectetur semper magna. Pellentesque tincidunt hendrerit gravida. Integer pretium nec ligula non varius. Fusce ut ante id lectus aliquam facilisis at ut turpis. Mauris pharetra dui et dignissim aliquam.
Aenean interdum posuere ultrices. Nullam sit amet ornare sem. Duis sed est sem. Duis et venenatis justo. Integer a dui justo. Curabitur ut sodales urna. Nam blandit fermentum egestas. Ut euismod at enim in tempor. Suspendisse potenti. Nulla in sapien pellentesque, aliquam nisl ac, lacinia justo. Maecenas molestie velit dui, quis facilisis enim scelerisque eget. Praesent faucibus neque orci, vel cursus orci malesuada et. Ut fringilla est enim, eu sagittis risus consectetur ut. Aenean ultricies sem et ipsum vestibulum efficitur.
Nunc auctor mauris turpis, in malesuada mauris rutrum consectetur. Nunc feugiat, magna eu feugiat molestie, augue nisl rutrum justo, id sodales enim purus eu erat. Phasellus congue nisl et tempor vestibulum. Quisque elit justo, auctor sit amet blandit ac, feugiat et arcu.', 'Hello World! \nHello World! \nHello World!' , '1','2000-04-30',2,2019,'resources/images/problemas/20201223171314927000000.jpg');
INSERT INTO problema(id,id_creador,id_judge,name,dificultad,puntuacion,descripcion,casos_prueba,salida_esperada,fecha_publicacion,id_season,season_year,imagen) VALUES (11,0,1,'¿Qué lado de la calle?', 2 , 1 , 'Lorem ipsum dolor sit amet, consectetur adipiscing elit. Nunc efficitur dui in semper auctor. Pellentesque vitae sapien in mauris varius gravida. Fusce massa dolor, mattis a metus eget, consectetur semper magna. Pellentesque tincidunt hendrerit gravida. Integer pretium nec ligula non varius. Fusce ut ante id lectus aliquam facilisis at ut turpis. Mauris pharetra dui et dignissim aliquam.
Aenean interdum posuere ultrices. Nullam sit amet ornare sem. Duis sed est sem. Duis et venenatis justo. Integer a dui justo. Curabitur ut sodales urna. Nam blandit fermentum egestas. Ut euismod at enim in tempor. Suspendisse potenti. Nulla in sapien pellentesque, aliquam nisl ac, lacinia justo. Maecenas molestie velit dui, quis facilisis enim scelerisque eget. Praesent faucibus neque orci, vel cursus orci malesuada et. Ut fringilla est enim, eu sagittis risus consectetur ut. Aenean ultricies sem et ipsum vestibulum efficitur.
Nunc auctor mauris turpis, in malesuada mauris rutrum consectetur. Nunc feugiat, magna eu feugiat molestie, augue nisl rutrum justo, id sodales enim purus eu erat. Phasellus congue nisl et tempor vestibulum. Quisque elit justo, auctor sit amet blandit ac, feugiat et arcu.', 'Hello World! \nHello World! \nHello World!' , '1','2021-04-30',3,2020,'resources/images/problemas/20201223171314927000000.jpg');
INSERT INTO problema(id,id_creador,id_judge,name,dificultad,puntuacion,descripcion,casos_prueba,salida_esperada,fecha_publicacion,id_season,season_year,imagen) VALUES (12,0,1,'Encriptacion de mensajes', 2 , 1 , 'Lorem ipsum dolor sit amet, consectetur adipiscing elit. Nunc efficitur dui in semper auctor. Pellentesque vitae sapien in mauris varius gravida. Fusce massa dolor, mattis a metus eget, consectetur semper magna. Pellentesque tincidunt hendrerit gravida. Integer pretium nec ligula non varius. Fusce ut ante id lectus aliquam facilisis at ut turpis. Mauris pharetra dui et dignissim aliquam.
Aenean interdum posuere ultrices. Nullam sit amet ornare sem. Duis sed est sem. Duis et venenatis justo. Integer a dui justo. Curabitur ut sodales urna. Nam blandit fermentum egestas. Ut euismod at enim in tempor. Suspendisse potenti. Nulla in sapien pellentesque, aliquam nisl ac, lacinia justo. Maecenas molestie velit dui, quis facilisis enim scelerisque eget. Praesent faucibus neque orci, vel cursus orci malesuada et. Ut fringilla est enim, eu sagittis risus consectetur ut. Aenean ultricies sem et ipsum vestibulum efficitur.
Nunc auctor mauris turpis, in malesuada mauris rutrum consectetur. Nunc feugiat, magna eu feugiat molestie, augue nisl rutrum justo, id sodales enim purus eu erat. Phasellus congue nisl et tempor vestibulum. Quisque elit justo, auctor sit amet blandit ac, feugiat et arcu.', 'Hello World! \nHello World! \nHello World!' , '1','2021-04-30',3,2020,'resources/images/problemas/20201223171314927000000.jpg');
INSERT INTO problema(id,id_creador,id_judge,name,dificultad,puntuacion,descripcion,casos_prueba,salida_esperada,fecha_publicacion,id_season,season_year,imagen) VALUES (13,0,1,'Kaprekar', 5 , 1 , 'Lorem ipsum dolor sit amet, consectetur adipiscing elit. Nunc efficitur dui in semper auctor. Pellentesque vitae sapien in mauris varius gravida. Fusce massa dolor, mattis a metus eget, consectetur semper magna. Pellentesque tincidunt hendrerit gravida. Integer pretium nec ligula non varius. Fusce ut ante id lectus aliquam facilisis at ut turpis. Mauris pharetra dui et dignissim aliquam.
Aenean interdum posuere ultrices. Nullam sit amet ornare sem. Duis sed est sem. Duis et venenatis justo. Integer a dui justo. Curabitur ut sodales urna. Nam blandit fermentum egestas. Ut euismod at enim in tempor. Suspendisse potenti. Nulla in sapien pellentesque, aliquam nisl ac, lacinia justo. Maecenas molestie velit dui, quis facilisis enim scelerisque eget. Praesent faucibus neque orci, vel cursus orci malesuada et. Ut fringilla est enim, eu sagittis risus consectetur ut. Aenean ultricies sem et ipsum vestibulum efficitur.
Nunc auctor mauris turpis, in malesuada mauris rutrum consectetur. Nunc feugiat, magna eu feugiat molestie, augue nisl rutrum justo, id sodales enim purus eu erat. Phasellus congue nisl et tempor vestibulum. Quisque elit justo, auctor sit amet blandit ac, feugiat et arcu.', 'Hello World! \nHello World! \nHello World!' , '1','2021-04-30',3,2020,'resources/images/problemas/20201223171314927000000.jpg');
INSERT INTO problema(id,id_creador,id_judge,name,dificultad,puntuacion,descripcion,casos_prueba,salida_esperada,fecha_publicacion,id_season,season_year,imagen) VALUES (14,0,1,'Códigos de barras', 3 , 1 , 'Lorem ipsum dolor sit amet, consectetur adipiscing elit. Nunc efficitur dui in semper auctor. Pellentesque vitae sapien in mauris varius gravida. Fusce massa dolor, mattis a metus eget, consectetur semper magna. Pellentesque tincidunt hendrerit gravida. Integer pretium nec ligula non varius. Fusce ut ante id lectus aliquam facilisis at ut turpis. Mauris pharetra dui et dignissim aliquam.
Aenean interdum posuere ultrices. Nullam sit amet ornare sem. Duis sed est sem. Duis et venenatis justo. Integer a dui justo. Curabitur ut sodales urna. Nam blandit fermentum egestas. Ut euismod at enim in tempor. Suspendisse potenti. Nulla in sapien pellentesque, aliquam nisl ac, lacinia justo. Maecenas molestie velit dui, quis facilisis enim scelerisque eget. Praesent faucibus neque orci, vel cursus orci malesuada et. Ut fringilla est enim, eu sagittis risus consectetur ut. Aenean ultricies sem et ipsum vestibulum efficitur.
Nunc auctor mauris turpis, in malesuada mauris rutrum consectetur. Nunc feugiat, magna eu feugiat molestie, augue nisl rutrum justo, id sodales enim purus eu erat. Phasellus congue nisl et tempor vestibulum. Quisque elit justo, auctor sit amet blandit ac, feugiat et arcu.', 'Hello World! \nHello World! \nHello World!' , '1','2021-04-30',3,2019,'resources/images/problemas/20201223171314927000000.jpg');
INSERT INTO problema(id,id_creador,id_judge,name,dificultad,puntuacion,descripcion,casos_prueba,salida_esperada,fecha_publicacion,id_season,season_year,imagen) VALUES (15,0,1,'Aprobar química', 8 , 1 , 'Lorem ipsum dolor sit amet, consectetur adipiscing elit. Nunc efficitur dui in semper auctor. Pellentesque vitae sapien in mauris varius gravida. Fusce massa dolor, mattis a metus eget, consectetur semper magna. Pellentesque tincidunt hendrerit gravida. Integer pretium nec ligula non varius. Fusce ut ante id lectus aliquam facilisis at ut turpis. Mauris pharetra dui et dignissim aliquam.
Aenean interdum posuere ultrices. Nullam sit amet ornare sem. Duis sed est sem. Duis et venenatis justo. Integer a dui justo. Curabitur ut sodales urna. Nam blandit fermentum egestas. Ut euismod at enim in tempor. Suspendisse potenti. Nulla in sapien pellentesque, aliquam nisl ac, lacinia justo. Maecenas molestie velit dui, quis facilisis enim scelerisque eget. Praesent faucibus neque orci, vel cursus orci malesuada et. Ut fringilla est enim, eu sagittis risus consectetur ut. Aenean ultricies sem et ipsum vestibulum efficitur.
Nunc auctor mauris turpis, in malesuada mauris rutrum consectetur. Nunc feugiat, magna eu feugiat molestie, augue nisl rutrum justo, id sodales enim purus eu erat. Phasellus congue nisl et tempor vestibulum. Quisque elit justo, auctor sit amet blandit ac, feugiat et arcu.', 'Hello World! \nHello World! \nHello World!' , '1','2021-04-30',2,2019,'resources/images/problemas/20201223171314927000000.jpg');
INSERT INTO problema(id,id_creador,id_judge,name,dificultad,puntuacion,descripcion,casos_prueba,salida_esperada,fecha_publicacion,id_season,season_year,imagen) VALUES (16,0,1,'Semáforos sin parar', 4 , 1 , 'Lorem ipsum dolor sit amet, consectetur adipiscing elit. Nunc efficitur dui in semper auctor. Pellentesque vitae sapien in mauris varius gravida. Fusce massa dolor, mattis a metus eget, consectetur semper magna. Pellentesque tincidunt hendrerit gravida. Integer pretium nec ligula non varius. Fusce ut ante id lectus aliquam facilisis at ut turpis. Mauris pharetra dui et dignissim aliquam.
Aenean interdum posuere ultrices. Nullam sit amet ornare sem. Duis sed est sem. Duis et venenatis justo. Integer a dui justo. Curabitur ut sodales urna. Nam blandit fermentum egestas. Ut euismod at enim in tempor. Suspendisse potenti. Nulla in sapien pellentesque, aliquam nisl ac, lacinia justo. Maecenas molestie velit dui, quis facilisis enim scelerisque eget. Praesent faucibus neque orci, vel cursus orci malesuada et. Ut fringilla est enim, eu sagittis risus consectetur ut. Aenean ultricies sem et ipsum vestibulum efficitur.
Nunc auctor mauris turpis, in malesuada mauris rutrum consectetur. Nunc feugiat, magna eu feugiat molestie, augue nisl rutrum justo, id sodales enim purus eu erat. Phasellus congue nisl et tempor vestibulum. Quisque elit justo, auctor sit amet blandit ac, feugiat et arcu.', 'Hello World! \nHello World! \nHello World!' , '1','2021-04-30',1,2019,'resources/images/problemas/20201223171314927000000.jpg');



INSERT INTO articulos(id,name,fecha_publicacion,texto,imagen_articulo) VALUES (0,'Arboles, y porque son tan utiles',DATE'2020-02-10','Lorem ipsum dolor sit amet, consectetur adipiscing elit, sed do eiusmod tempor incididunt ut labore et dolore magna aliqua. Ut enim ad minim veniam, quis nostrud exercitation ullamco laboris nisi ut aliquip ex ea commodo consequat. Duis aute irure dolor in reprehenderit in voluptate velit esse cillum dolore eu fugiat nulla pariatur. Excepteur sint occaecat cupidatat non proident, sunt in culpa qui officia deserunt mollit anim id est laborum', 'resources/images/articulos/2020122317810299000000.jpg');
INSERT INTO articulos(id,name,fecha_publicacion,texto,imagen_articulo) VALUES (1,'DFS vs BFS ',DATE'2020-03-22','Sed ut perspiciatis unde omnis iste natus error sit voluptatem accusantium doloremque laudantium, totam rem aperiam, eaque ipsa quae ab illo inventore veritatis et quasi architecto beatae vitae dicta sunt explicabo. Nemo enim ipsam voluptatem quia voluptas sit aspernatur aut odit aut fugit, sed quia consequuntur magni dolores eos qui ratione voluptatem sequi nesciunt. Neque porro quisquam est, qui dolorem ipsum quia dolor sit amet, consectetur, adipisci velit, sed quia non numquam eius modi tempora incidunt ut labore et dolore magnam aliquam quaerat voluptatem. Ut enim ad minima veniam, quis nostrum exercitationem ullam corporis suscipit laboriosam, nisi ut aliquid ex ea commodi consequatur? Quis autem vel eum iure reprehenderit qui in ea voluptate velit esse quam nihil molestiae consequatur, vel illum qui dolorem eum fugiat quo voluptas nulla pariatur?','resources/images/articulos/2020122317827911000000.jpg');
INSERT INTO articulos(id,name,fecha_publicacion,texto,imagen_articulo) VALUES (2,'Bjarne Stroustrup, porque le debemos tanto',DATE'2020-03-25','Sed ut perspiciatis unde omnis iste natus error sit voluptatem accusantium doloremque laudantium, totam rem aperiam, eaque ipsa quae ab illo inventore veritatis et quasi architecto beatae vitae dicta sunt explicabo. Nemo enim ipsam voluptatem quia voluptas sit aspernatur aut odit aut fugit, sed quia consequuntur magni dolores eos qui ratione voluptatem sequi nesciunt. Neque porro quisquam est, qui dolorem ipsum quia dolor sit amet, consectetur, adipisci velit, sed quia non numquam eius modi tempora incidunt ut labore et dolore magnam aliquam quaerat voluptatem. Ut enim ad minima veniam, quis nostrum exercitationem ullam corporis suscipit laboriosam, nisi ut aliquid ex ea commodi consequatur? Quis autem vel eum iure reprehenderit qui in ea voluptate velit esse quam nihil molestiae consequatur, vel illum qui dolorem eum fugiat quo voluptas nulla pariatur?','resources/images/articulos/2020122317841918000000.jpg');
INSERT INTO articulos(id,name,fecha_publicacion,texto,imagen_articulo) VALUES (3,'Introduccion a C para novatos',DATE'2020-04-10','Lorem ipsum dolor sit amet, consectetur adipiscing elit, sed do eiusmod tempor incididunt ut labore et dolore magna aliqua. Ut enim ad minim veniam, quis nostrud exercitation ullamco laboris nisi ut aliquip ex ea commodo consequat. Duis aute irure dolor in reprehenderit in voluptate velit esse cillum dolore eu fugiat nulla pariatur. Excepteur sint occaecat cupidatat non proident, sunt in culpa qui officia deserunt mollit anim id est laborum', 'resources/images/articulos/2020122317127570000000.jpg');
INSERT INTO articulos(id,name,fecha_publicacion,texto,imagen_articulo) VALUES (4,'Introduccion a Java para novatos',DATE'2020-04-20','Sed ut perspiciatis unde omnis iste natus error sit voluptatem accusantium doloremque laudantium, totam rem aperiam, eaque ipsa quae ab illo inventore veritatis et quasi architecto beatae vitae dicta sunt explicabo. Nemo enim ipsam voluptatem quia voluptas sit aspernatur aut odit aut fugit, sed quia consequuntur magni dolores eos qui ratione voluptatem sequi nesciunt. Neque porro quisquam est, qui dolorem ipsum quia dolor sit amet, consectetur, adipisci velit, sed quia non numquam eius modi tempora incidunt ut labore et dolore magnam aliquam quaerat voluptatem. Ut enim ad minima veniam, quis nostrum exercitationem ullam corporis suscipit laboriosam, nisi ut aliquid ex ea commodi consequatur? Quis autem vel eum iure reprehenderit qui in ea voluptate velit esse quam nihil molestiae consequatur, vel illum qui dolorem eum fugiat quo voluptas nulla pariatur?','resources/images/articulos/20201223171314927000000.jpg');
INSERT INTO articulos(id,name,fecha_publicacion,texto,imagen_articulo) VALUES (5,'Introduccion a C++ para novatos',DATE'2020-05-06','Sed ut perspiciatis unde omnis iste natus error sit voluptatem accusantium doloremque laudantium, totam rem aperiam, eaque ipsa quae ab illo inventore veritatis et quasi architecto beatae vitae dicta sunt explicabo. Nemo enim ipsam voluptatem quia voluptas sit aspernatur aut odit aut fugit, sed quia consequuntur magni dolores eos qui ratione voluptatem sequi nesciunt. Neque porro quisquam est, qui dolorem ipsum quia dolor sit amet, consectetur, adipisci velit, sed quia non numquam eius modi tempora incidunt ut labore et dolore magnam aliquam quaerat voluptatem. Ut enim ad minima veniam, quis nostrum exercitationem ullam corporis suscipit laboriosam, nisi ut aliquid ex ea commodi consequatur? Quis autem vel eum iure reprehenderit qui in ea voluptate velit esse quam nihil molestiae consequatur, vel illum qui dolorem eum fugiat quo voluptas nulla pariatur?','resources/images/articulos/20201223171351187000000.jpg');
INSERT INTO articulos(id,name,fecha_publicacion,texto,imagen_articulo) VALUES (6,'Sobre la programación competitiva',DATE'2020-05-12','Sed ut perspiciatis unde omnis iste natus error sit voluptatem accusantium doloremque laudantium, totam rem aperiam, eaque ipsa quae ab illo inventore veritatis et quasi architecto beatae vitae dicta sunt explicabo. Nemo enim ipsam voluptatem quia voluptas sit aspernatur aut odit aut fugit, sed quia consequuntur magni dolores eos qui ratione voluptatem sequi nesciunt. Neque porro quisquam est, qui dolorem ipsum quia dolor sit amet, consectetur, adipisci velit, sed quia non numquam eius modi tempora incidunt ut labore et dolore magnam aliquam quaerat voluptatem. Ut enim ad minima veniam, quis nostrum exercitationem ullam corporis suscipit laboriosam, nisi ut aliquid ex ea commodi consequatur? Quis autem vel eum iure reprehenderit qui in ea voluptate velit esse quam nihil molestiae consequatur, vel illum qui dolorem eum fugiat quo voluptas nulla pariatur?','resources/images/articulos/20201223171351187000000.jpg');
INSERT INTO articulos(id,name,fecha_publicacion,texto,imagen_articulo) VALUES (7,'James Gosling, y su gran aportación',DATE'2020-06-17','Sed ut perspiciatis unde omnis iste natus error sit voluptatem accusantium doloremque laudantium, totam rem aperiam, eaque ipsa quae ab illo inventore veritatis et quasi architecto beatae vitae dicta sunt explicabo. Nemo enim ipsam voluptatem quia voluptas sit aspernatur aut odit aut fugit, sed quia consequuntur magni dolores eos qui ratione voluptatem sequi nesciunt. Neque porro quisquam est, qui dolorem ipsum quia dolor sit amet, consectetur, adipisci velit, sed quia non numquam eius modi tempora incidunt ut labore et dolore magnam aliquam quaerat voluptatem. Ut enim ad minima veniam, quis nostrum exercitationem ullam corporis suscipit laboriosam, nisi ut aliquid ex ea commodi consequatur? Quis autem vel eum iure reprehenderit qui in ea voluptate velit esse quam nihil molestiae consequatur, vel illum qui dolorem eum fugiat quo voluptas nulla pariatur?','resources/images/articulos/20201223171351187000000.jpg');
INSERT INTO articulos(id,name,fecha_publicacion,texto,imagen_articulo) VALUES (8,'Nociones basicas de C Sharp',DATE'2020-07-19','Sed ut perspiciatis unde omnis iste natus error sit voluptatem accusantium doloremque laudantium, totam rem aperiam, eaque ipsa quae ab illo inventore veritatis et quasi architecto beatae vitae dicta sunt explicabo. Nemo enim ipsam voluptatem quia voluptas sit aspernatur aut odit aut fugit, sed quia consequuntur magni dolores eos qui ratione voluptatem sequi nesciunt. Neque porro quisquam est, qui dolorem ipsum quia dolor sit amet, consectetur, adipisci velit, sed quia non numquam eius modi tempora incidunt ut labore et dolore magnam aliquam quaerat voluptatem. Ut enim ad minima veniam, quis nostrum exercitationem ullam corporis suscipit laboriosam, nisi ut aliquid ex ea commodi consequatur? Quis autem vel eum iure reprehenderit qui in ea voluptate velit esse quam nihil molestiae consequatur, vel illum qui dolorem eum fugiat quo voluptas nulla pariatur?','resources/images/articulos/20201223171351187000000.jpg');
INSERT INTO articulos(id,name,fecha_publicacion,texto,imagen_articulo) VALUES (9,'Phyton en el futuro',DATE'2020-07-28','Sed ut perspiciatis unde omnis iste natus error sit voluptatem accusantium doloremque laudantium, totam rem aperiam, eaque ipsa quae ab illo inventore veritatis et quasi architecto beatae vitae dicta sunt explicabo. Nemo enim ipsam voluptatem quia voluptas sit aspernatur aut odit aut fugit, sed quia consequuntur magni dolores eos qui ratione voluptatem sequi nesciunt. Neque porro quisquam est, qui dolorem ipsum quia dolor sit amet, consectetur, adipisci velit, sed quia non numquam eius modi tempora incidunt ut labore et dolore magnam aliquam quaerat voluptatem. Ut enim ad minima veniam, quis nostrum exercitationem ullam corporis suscipit laboriosam, nisi ut aliquid ex ea commodi consequatur? Quis autem vel eum iure reprehenderit qui in ea voluptate velit esse quam nihil molestiae consequatur, vel illum qui dolorem eum fugiat quo voluptas nulla pariatur?','resources/images/articulos/20201223171351187000000.jpg');
INSERT INTO articulos(id,name,fecha_publicacion,texto,imagen_articulo) VALUES (10,'Introduccion al lenguaje Phyton',DATE'2020-07-30','Sed ut perspiciatis unde omnis iste natus error sit voluptatem accusantium doloremque laudantium, totam rem aperiam, eaque ipsa quae ab illo inventore veritatis et quasi architecto beatae vitae dicta sunt explicabo. Nemo enim ipsam voluptatem quia voluptas sit aspernatur aut odit aut fugit, sed quia consequuntur magni dolores eos qui ratione voluptatem sequi nesciunt. Neque porro quisquam est, qui dolorem ipsum quia dolor sit amet, consectetur, adipisci velit, sed quia non numquam eius modi tempora incidunt ut labore et dolore magnam aliquam quaerat voluptatem. Ut enim ad minima veniam, quis nostrum exercitationem ullam corporis suscipit laboriosam, nisi ut aliquid ex ea commodi consequatur? Quis autem vel eum iure reprehenderit qui in ea voluptate velit esse quam nihil molestiae consequatur, vel illum qui dolorem eum fugiat quo voluptas nulla pariatur?','resources/images/articulos/20201223171351187000000.jpg');
INSERT INTO articulos(id,name,fecha_publicacion,texto,imagen_articulo) VALUES (11,'Tecnicas avanzadas (Java)',DATE'2020-08-02','Sed ut perspiciatis unde omnis iste natus error sit voluptatem accusantium doloremque laudantium, totam rem aperiam, eaque ipsa quae ab illo inventore veritatis et quasi architecto beatae vitae dicta sunt explicabo. Nemo enim ipsam voluptatem quia voluptas sit aspernatur aut odit aut fugit, sed quia consequuntur magni dolores eos qui ratione voluptatem sequi nesciunt. Neque porro quisquam est, qui dolorem ipsum quia dolor sit amet, consectetur, adipisci velit, sed quia non numquam eius modi tempora incidunt ut labore et dolore magnam aliquam quaerat voluptatem. Ut enim ad minima veniam, quis nostrum exercitationem ullam corporis suscipit laboriosam, nisi ut aliquid ex ea commodi consequatur? Quis autem vel eum iure reprehenderit qui in ea voluptate velit esse quam nihil molestiae consequatur, vel illum qui dolorem eum fugiat quo voluptas nulla pariatur?','resources/images/articulos/20201223171351187000000.jpg');
INSERT INTO articulos(id,name,fecha_publicacion,texto,imagen_articulo) VALUES (12,'Tecnicas avanzadas (C)',DATE'2020-10-26','Sed ut perspiciatis unde omnis iste natus error sit voluptatem accusantium doloremque laudantium, totam rem aperiam, eaque ipsa quae ab illo inventore veritatis et quasi architecto beatae vitae dicta sunt explicabo. Nemo enim ipsam voluptatem quia voluptas sit aspernatur aut odit aut fugit, sed quia consequuntur magni dolores eos qui ratione voluptatem sequi nesciunt. Neque porro quisquam est, qui dolorem ipsum quia dolor sit amet, consectetur, adipisci velit, sed quia non numquam eius modi tempora incidunt ut labore et dolore magnam aliquam quaerat voluptatem. Ut enim ad minima veniam, quis nostrum exercitationem ullam corporis suscipit laboriosam, nisi ut aliquid ex ea commodi consequatur? Quis autem vel eum iure reprehenderit qui in ea voluptate velit esse quam nihil molestiae consequatur, vel illum qui dolorem eum fugiat quo voluptas nulla pariatur?','resources/images/articulos/20201223171351187000000.jpg');
INSERT INTO articulos(id,name,fecha_publicacion,texto,imagen_articulo) VALUES (13,'¿Que se espera de la programación?',DATE'2020-12-01','Sed ut perspiciatis unde omnis iste natus error sit voluptatem accusantium doloremque laudantium, totam rem aperiam, eaque ipsa quae ab illo inventore veritatis et quasi architecto beatae vitae dicta sunt explicabo. Nemo enim ipsam voluptatem quia voluptas sit aspernatur aut odit aut fugit, sed quia consequuntur magni dolores eos qui ratione voluptatem sequi nesciunt. Neque porro quisquam est, qui dolorem ipsum quia dolor sit amet, consectetur, adipisci velit, sed quia non numquam eius modi tempora incidunt ut labore et dolore magnam aliquam quaerat voluptatem. Ut enim ad minima veniam, quis nostrum exercitationem ullam corporis suscipit laboriosam, nisi ut aliquid ex ea commodi consequatur? Quis autem vel eum iure reprehenderit qui in ea voluptate velit esse quam nihil molestiae consequatur, vel illum qui dolorem eum fugiat quo voluptas nulla pariatur?','resources/images/articulos/20201223171351187000000.jpg');

INSERT INTO NOTICIAS_AUTORES(NOTICIA_ID,AUTORES_ID) VALUES (0,1);
INSERT INTO NOTICIAS_AUTORES(NOTICIA_ID,AUTORES_ID) VALUES (0,2);
INSERT INTO NOTICIAS_AUTORES(NOTICIA_ID,AUTORES_ID) VALUES (0,3);
INSERT INTO NOTICIAS_AUTORES(NOTICIA_ID,AUTORES_ID) VALUES (1,1);
INSERT INTO NOTICIAS_AUTORES(NOTICIA_ID,AUTORES_ID) VALUES (1,0);
INSERT INTO NOTICIAS_AUTORES(NOTICIA_ID,AUTORES_ID) VALUES (2,0);
INSERT INTO NOTICIAS_AUTORES(NOTICIA_ID,AUTORES_ID) VALUES (3,1);
INSERT INTO NOTICIAS_AUTORES(NOTICIA_ID,AUTORES_ID) VALUES (4,1);
INSERT INTO NOTICIAS_AUTORES(NOTICIA_ID,AUTORES_ID) VALUES (5,6);
INSERT INTO NOTICIAS_AUTORES(NOTICIA_ID,AUTORES_ID) VALUES (6,5);
INSERT INTO NOTICIAS_AUTORES(NOTICIA_ID,AUTORES_ID) VALUES (7,5);
INSERT INTO NOTICIAS_AUTORES(NOTICIA_ID,AUTORES_ID) VALUES (8,5);
INSERT INTO NOTICIAS_AUTORES(NOTICIA_ID,AUTORES_ID) VALUES (9,4);
INSERT INTO NOTICIAS_AUTORES(NOTICIA_ID,AUTORES_ID) VALUES (10,4);
INSERT INTO NOTICIAS_AUTORES(NOTICIA_ID,AUTORES_ID) VALUES (11,2);


INSERT INTO ARTICULOS_AUTORES(ARTICULO_ID,AUTORES_ID) VALUES (0,1);
INSERT INTO ARTICULOS_AUTORES(ARTICULO_ID,AUTORES_ID) VALUES (0,2);
INSERT INTO ARTICULOS_AUTORES(ARTICULO_ID,AUTORES_ID) VALUES (0,3);
INSERT INTO ARTICULOS_AUTORES(ARTICULO_ID,AUTORES_ID) VALUES (1,1);
INSERT INTO ARTICULOS_AUTORES(ARTICULO_ID,AUTORES_ID) VALUES (2,2);
INSERT INTO ARTICULOS_AUTORES(ARTICULO_ID,AUTORES_ID) VALUES (0,0);
INSERT INTO ARTICULOS_AUTORES(ARTICULO_ID,AUTORES_ID) VALUES (1,0);
INSERT INTO ARTICULOS_AUTORES(ARTICULO_ID,AUTORES_ID) VALUES (2,0);
INSERT INTO ARTICULOS_AUTORES(ARTICULO_ID,AUTORES_ID) VALUES (3,0);
INSERT INTO ARTICULOS_AUTORES(ARTICULO_ID,AUTORES_ID) VALUES (4,0);
INSERT INTO ARTICULOS_AUTORES(ARTICULO_ID,AUTORES_ID) VALUES (5,0);
INSERT INTO ARTICULOS_AUTORES(ARTICULO_ID,AUTORES_ID) VALUES (6,0);
INSERT INTO ARTICULOS_AUTORES(ARTICULO_ID,AUTORES_ID) VALUES (7,0);
INSERT INTO ARTICULOS_AUTORES(ARTICULO_ID,AUTORES_ID) VALUES (8,0);
INSERT INTO ARTICULOS_AUTORES(ARTICULO_ID,AUTORES_ID) VALUES (9,0);
INSERT INTO ARTICULOS_AUTORES(ARTICULO_ID,AUTORES_ID) VALUES (10,0);
INSERT INTO ARTICULOS_AUTORES(ARTICULO_ID,AUTORES_ID) VALUES (11,0);
INSERT INTO ARTICULOS_AUTORES(ARTICULO_ID,AUTORES_ID) VALUES (12,0);
INSERT INTO ARTICULOS_AUTORES(ARTICULO_ID,AUTORES_ID) VALUES (13,0);



INSERT INTO alumnos(id,enabled,nombre,apellidos,email,imagen,pass,compartir) VALUES (0,true,'Daniel','Montes','rarmon@alum.us.es','resources/images/alumnos/20201223154714879157200.jpg','$2a$10$saNfL08X/Pnekubb3jgRYudKJWuudOc07VCu5iV9u80aqq5vrx0vW',true);
INSERT INTO auths(id,id_alumno,id_tutor,id_creador,id_administrador,authority) VALUES (7,0,null,null,null,'alumno');

INSERT INTO alumnos(id,enabled,nombre,apellidos,email,imagen,pass,compartir) VALUES (1,true,'Marina','Moya','marmozam@alum.us.es','resources/images/alumnos/20201223155839395152900.jpg','$2a$10$d.yXv5TvwE0cJBiBJSph/.G1dkUPRD3tOxGsk5ova6W0GI7xfeBYy',false);
INSERT INTO auths(id,id_alumno,id_tutor,id_creador,id_administrador,authority) VALUES (8,1,null,null,null,'alumno');

INSERT INTO alumnos(id,enabled,nombre,apellidos,email,imagen,pass,compartir) VALUES (2,true,'Alexis','Balboa','alexisbalbo@alum.us.es','resources/images/alumnos/20201223155630996653000.jpeg','$2a$10$H86UgOI2vQSDWKohZGu8dutlkZMIGJUQ9rZ7PBUGcg7YSKNL21Pmi',true);
INSERT INTO auths(id,id_alumno,id_tutor,id_creador,id_administrador,authority) VALUES (9,2,null,null,null,'alumno');

INSERT INTO alumnos(id,enabled,nombre,apellidos,email,imagen,pass,compartir) VALUES (3,true,'Amador','Duran','amadordur@alum.us.es','resources/images/alumnos/20201223155630996654000.jpg','$2a$10$H86UgOI2vQSDWKohZGu8dutlkZMIGJUQ9rZ7PBUGcg7YSKNL21Pmi',true);
INSERT INTO auths(id,id_alumno,id_tutor,id_creador,id_administrador,authority) VALUES (10,3,null,null,null,'alumno');

INSERT INTO alumnos(id,enabled,nombre,apellidos,email,imagen,pass,compartir) VALUES (4,true,'Benito','Perez','benitper@alum.us.es','resources/images/alumnos/20201223155630996655000.jpg','$2a$10$H86UgOI2vQSDWKohZGu8dutlkZMIGJUQ9rZ7PBUGcg7YSKNL21Pmi',true);
INSERT INTO auths(id,id_alumno,id_tutor,id_creador,id_administrador,authority) VALUES (11,4,null,null,null,'alumno');

INSERT INTO alumnos(id,enabled,nombre,apellidos,email,imagen,pass,compartir) VALUES (5,true,'Lucia','Peña','lucype@alum.us.es','resources/images/alumnos/20201223155630996656000.jpg','$2a$10$H86UgOI2vQSDWKohZGu8dutlkZMIGJUQ9rZ7PBUGcg7YSKNL21Pmi',true);
INSERT INTO auths(id,id_alumno,id_tutor,id_creador,id_administrador,authority) VALUES (12,5,null,null,null,'alumno');

INSERT INTO alumnos(id,enabled,nombre,apellidos,email,imagen,pass,compartir) VALUES (6,true,'Maria','Moya','marmoya@alum.us.es','resources/images/alumnos/20201223155630996657000.jpg','$2a$10$H86UgOI2vQSDWKohZGu8dutlkZMIGJUQ9rZ7PBUGcg7YSKNL21Pmi',true);
INSERT INTO auths(id,id_alumno,id_tutor,id_creador,id_administrador,authority) VALUES (13,6,null,null,null,'alumno');

INSERT INTO alumnos(id,enabled,nombre,apellidos,email,imagen,pass,compartir) VALUES (7,true,'Paulino','Castells','paucasgar@alum.us.es','resources/images/alumnos/20201224184210193000001.jpg','$2a$10$H86UgOI2vQSDWKohZGu8dutlkZMIGJUQ9rZ7PBUGcg7YSKNL21Pmi',true);
INSERT INTO auths(id,id_alumno,id_tutor,id_creador,id_administrador,authority) VALUES (14,7,null,null,null,'alumno');

INSERT INTO alumnos(id,enabled,nombre,apellidos,email,imagen,pass,compartir) VALUES (8,true,'Rosario','Mellado','rosmedmar@alum.us.es','resources/images/alumnos/2020122317841918000000.jpg','$2a$10$H86UgOI2vQSDWKohZGu8dutlkZMIGJUQ9rZ7PBUGcg7YSKNL21Pmi',true);
INSERT INTO auths(id,id_alumno,id_tutor,id_creador,id_administrador,authority) VALUES (15,8,null,null,null,'alumno');

INSERT INTO alumnos(id,enabled,nombre,apellidos,email,imagen,pass,compartir) VALUES (9,true,'Maria Jesus','Tejera','frajestej@alum.us.es','resources/images/alumnos/20201224184210193000000.jpg','$2a$10$H86UgOI2vQSDWKohZGu8dutlkZMIGJUQ9rZ7PBUGcg7YSKNL21Pmi',true);
INSERT INTO auths(id,id_alumno,id_tutor,id_creador,id_administrador,authority) VALUES (16,9,null,null,null,'alumno');



INSERT INTO envios(id,id_judge,fecha,codigo_path,resolucion,id_alumno,id_problema,id_season,season_year) VALUES (0,0,'2020-08-21T11:13:13.274','codes/202119235052330851200.java','AC',1,1,1,2020);
INSERT INTO envios(id,id_judge,fecha,codigo_path,resolucion,id_alumno,id_problema,id_season,season_year) VALUES (19,19,'2020-08-21T11:13:13.274','codes/202119235052330851200.java','AC',1,0,1,2020);
INSERT INTO envios(id,id_judge,fecha,codigo_path,resolucion,id_alumno,id_problema,id_season,season_year) VALUES (1,1,'2010-11-21T11:13:13.274','codes/202119185330514347900.c','AC',0,1,2,2010);
INSERT INTO envios(id,id_judge,fecha,codigo_path,resolucion,id_alumno,id_problema,id_season,season_year) VALUES (2,2,'2020-11-21T11:13:13.274','codes/202119235052330851200.java','AC',0,0,2,2020);
INSERT INTO envios(id,id_judge,fecha,codigo_path,resolucion,id_alumno,id_problema,id_season,season_year) VALUES (3,3,'2018-12-31T11:13:13.274','codes/202119185330514347900.c','AC',0,0,3,2018);
INSERT INTO envios(id,id_judge,fecha,codigo_path,resolucion,id_alumno,id_problema,id_season,season_year) VALUES (4,4,'2018-11-21T11:13:13.274','codes/202119235052330851200.java','AC',1,1,2,2018);
INSERT INTO envios(id,id_judge,fecha,codigo_path,resolucion,id_alumno,id_problema,id_season,season_year) VALUES (5,5,'2018-11-21T11:13:13.274','codes/202119185330514347900.c','AC',2,3,3,2020);
INSERT INTO envios(id,id_judge,fecha,codigo_path,resolucion,id_alumno,id_problema,id_season,season_year) VALUES (6,6,'2018-11-21T11:13:13.274','codes/202119235052330851200.java','TLE',0,0,2,2018);
INSERT INTO envios(id,id_judge,fecha,codigo_path,resolucion,id_alumno,id_problema,id_season,season_year) VALUES (7,7,'2018-11-21T11:13:13.274','codes/202119185330514347900.c','WA',0,1,2,2018);
INSERT INTO envios(id,id_judge,fecha,codigo_path,resolucion,id_alumno,id_problema,id_season,season_year) VALUES (8,8,'2018-11-22T11:13:13.274','codes/202119235052330851200.java','TLE',0,1,2,2018);
INSERT INTO envios(id,id_judge,fecha,codigo_path,resolucion,id_alumno,id_problema,id_season,season_year) VALUES (9,9,'2018-11-21T11:13:13.274','codes/202119185330514347900.c','AC',0,0,2,2018);
INSERT INTO envios(id,id_judge,fecha,codigo_path,resolucion,id_alumno,id_problema,id_season,season_year) VALUES (10,10,'2019-05-22T11:13:13.274','codes/202119235052330851200.java','AC',1,3,1,2019);
INSERT INTO envios(id,id_judge,fecha,codigo_path,resolucion,id_alumno,id_problema,id_season,season_year) VALUES (11,11,'2020-08-21T11:13:13.274','codes/202119235052330851200.java','AC',1,1,0,2020);
INSERT INTO envios(id,id_judge,fecha,codigo_path,resolucion,id_alumno,id_problema,id_season,season_year) VALUES (12,12,'2020-08-21T11:13:13.274','codes/202119235052330851200.java','AC',1,1,0,2020);
INSERT INTO envios(id,id_judge,fecha,codigo_path,resolucion,id_alumno,id_problema,id_season,season_year) VALUES (13,13,'2020-08-21T11:13:13.274','codes/202119235052330851200.java','AC',1,1,0,2020);
INSERT INTO envios(id,id_judge,fecha,codigo_path,resolucion,id_alumno,id_problema,id_season,season_year) VALUES (14,14,'2020-08-21T11:13:13.274','codes/202119235052330851200.java','AC',1,1,0,2020);
INSERT INTO envios(id,id_judge,fecha,codigo_path,resolucion,id_alumno,id_problema,id_season,season_year) VALUES (15,15,'2020-08-21T11:13:13.274','codes/202119235052330851200.java','AC',1,1,0,2020);
INSERT INTO envios(id,id_judge,fecha,codigo_path,resolucion,id_alumno,id_problema,id_season,season_year) VALUES (16,16,'2020-08-21T11:13:13.274','codes/202119235052330851200.java','AC',1,1,0,2020);
INSERT INTO envios(id,id_judge,fecha,codigo_path,resolucion,id_alumno,id_problema,id_season,season_year) VALUES (17,17,'2020-08-21T11:13:13.274','codes/202119235052330851200.java','AC',1,1,0,2020);
INSERT INTO envios(id,id_judge,fecha,codigo_path,resolucion,id_alumno,id_problema,id_season,season_year) VALUES (18,18,'2020-08-21T11:13:13.274','codes/202119235052330851200.java','AC',1,1,0,2020);

INSERT INTO comentarios(id,id_envio,id_alumno,texto) VALUES (0,10,0,'Muy buena resolución del ejercicio, muy simple y muy claro.');
INSERT INTO comentarios(id,id_envio,id_alumno,texto) VALUES (1,10,2,'Estoy deseando ver como lo has conseguido!!');
INSERT INTO comentarios(id,id_envio,id_alumno,texto) VALUES (2,3,2,'Como???');

INSERT INTO aclaraciones(id,id_tutor,id_problema,texto) VALUES (0,2,2,'Encontrar la moneda consiste en hacer un bucle infinito con el que reviente el PC');

INSERT INTO administradores(id,email,pass,enabled) VALUES (0, 'administrador1@us.es', '$2a$10$jLoYA3ElNlg.TKQmkXhlkuVflo6X8Sq3pcYmNvDIKBjrijZRsEwqK',true);
INSERT INTO auths(id,id_alumno,id_tutor,id_creador,id_administrador,authority) VALUES (23,null,null,null,0,'administrador');
INSERT INTO administradores(id,email,pass,enabled) VALUES (1, 'administrador2@us.es', '$2a$10$jLoYA3ElNlg.TKQmkXhlkuVflo6X8Sq3pcYmNvDIKBjrijZRsEwqK',true);
INSERT INTO auths(id,id_alumno,id_tutor,id_creador,id_administrador,authority) VALUES (24,null,null,null,1,'administrador');
INSERT INTO administradores(id,email,pass,enabled) VALUES (2, 'administrador3@us.es', '$2a$10$jLoYA3ElNlg.TKQmkXhlkuVflo6X8Sq3pcYmNvDIKBjrijZRsEwqK',true);
INSERT INTO auths(id,id_alumno,id_tutor,id_creador,id_administrador,authority) VALUES (25,null,null,null,2,'administrador');


INSERT INTO publicaciones(id,id_alumno,fecha,texto) VALUES (0,0,'2018-11-21T11:13:13.274','Estais listos para el Ada Byron?! Nos van a machacar!!!');
INSERT INTO publicaciones(id,id_alumno,fecha,texto) VALUES (1,1,'2018-11-22T11:13:13.274','A alguien le da TLE también el de Rarmon? No veo cómo hacerlo.');

INSERT INTO pregunta(id,id_tutor,id_alumno,id_problema, pregunta, respuesta) VALUES (0,null,0,0,'¿La moneda es de euro?', null);
INSERT INTO pregunta(id,id_tutor,id_alumno,id_problema, pregunta, respuesta) VALUES (1,null,1,0,'¿La moneda es de 2 euros?', null);
INSERT INTO pregunta(id,id_tutor,id_alumno,id_problema, pregunta, respuesta) VALUES (2,1,1,1,'¿Dónde está Fuente Palmera?', 'Eso no es relevante para la resolución del problema.');

INSERT INTO logros(id,nombre_logro,imagen) VALUES (0,'10 envios realizados','resources/images/logros/logro_10e.png'); --envio
INSERT INTO logros(id,nombre_logro,imagen) VALUES (1,'50 envios realizados','resources/images/logros/logro_50e.png'); --envio
INSERT INTO logros(id,nombre_logro,imagen) VALUES (2,'100 envios realizados','resources/images/logros/logro_100e.png'); --envio
INSERT INTO logros(id,nombre_logro,imagen) VALUES (3,'500 envios realizados','resources/images/logros/logro_500e.png'); --envio
INSERT INTO logros(id,nombre_logro,imagen) VALUES (4,'1000 envios realizados','resources/images/logros/logro_1000e.png'); --envio
INSERT INTO logros(id,nombre_logro,imagen) VALUES (5,'10 envios con accepted','resources/images/logros/logro_10AC.png');  --accepted
INSERT INTO logros(id,nombre_logro,imagen) VALUES (6,'25 envios con accepted','resources/images/logros/logro_25AC.png'); --accepted
INSERT INTO logros(id,nombre_logro,imagen) VALUES (7,'50 envios con accepted','resources/images/logros/logro_50AC.png'); --accepted
INSERT INTO logros(id,nombre_logro,imagen) VALUES (8,'100 envios con accepted','resources/images/logros/logro_100AC.png'); --accepted
INSERT INTO logros(id,nombre_logro,imagen) VALUES (9,'10 envios con wrong answer','resources/images/logros/logro_10WA.png'); --wrong
INSERT INTO logros(id,nombre_logro,imagen) VALUES (10,'25 envios con wrong answer','resources/images/logros/logro_25WA.png'); --wrong
INSERT INTO logros(id,nombre_logro,imagen) VALUES (11,'50 envios con wrong answer','resources/images/logros/logro_50WA.png'); --wrong
INSERT INTO logros(id,nombre_logro,imagen) VALUES (12,'100 envios con wrong answer','resources/images/logros/logro_100WA.png'); --wrong




